date,austdlr,can,crude,dkr,heat,hk,interest,rand,reserves,ringgit,sfr,stg,yen
1987-01-01,,,,,,,14.35,,14.35,,,,
1987-01-02,0.6658,1.3785,18.13,7.27,0.49,7.78,6.46,2.1645,6.46,2.599,1.61,1.49,158.25
1987-01-03,,,,,,,6.46,,6.46,,,,
1987-01-04,,,,,,,6.46,,6.46,,,,
1987-01-05,0.6692,1.3758,17.98,7.311,0.484,7.7895,6.86,2.1608,6.86,2.6005,1.629,1.4728,159.4
1987-01-06,0.6642,1.3744,18.21,7.28,0.494,7.7865,6.56,2.1575,6.56,2.601,1.6132,1.4762,158.78
1987-01-07,0.6635,1.3718,18.28,7.315,0.499,7.786,6.2,2.1561,6.2,2.605,1.6205,1.4705,158.05
1987-01-08,0.6665,1.3711,18.63,7.28,0.506,7.783,5.98,2.1482,5.98,2.606,1.611,1.475,158.23
1987-01-09,0.667,1.3702,18.78,7.276,0.519,7.781,5.93,2.1436,5.93,2.604,1.6057,1.478,158.2
1987-01-10,,,,,,,5.93,,5.93,,,,
1987-01-11,,,,,,,5.93,,5.93,,,,
1987-01-12,0.667,1.3662,19.0,7.195,0.535,7.7725,6.22,2.1075,6.22,2.594,1.5817,1.4918,156.77
1987-01-13,0.6552,1.3661,18.86,7.1615,0.534,7.772,6.19,2.0868,6.19,2.579,1.576,1.4903,155.75
1987-01-14,0.644,1.3635,19.13,7.005,0.55,7.766,5.89,2.0768,5.89,2.569,1.54,1.5055,152.8
1987-01-15,0.6498,1.363,19.09,7.023,0.551,7.762,6.01,2.0704,6.01,2.565,1.547,1.5042,153.55
1987-01-16,0.6521,1.3633,19.13,6.992,0.551,7.76,5.97,2.0619,5.97,2.563,1.545,1.5155,153.4
1987-01-17,,,,,,,5.97,,5.97,,,,
1987-01-18,,,,,,,5.97,,5.97,,,,
1987-01-19,,,18.7,,0.531,,5.97,,5.97,,,,
1987-01-20,0.6631,1.3589,18.73,6.98,0.54,7.755,6.13,2.0661,6.13,2.556,1.5415,1.52,152.68
1987-01-21,0.6617,1.357,18.6,7.015,0.522,7.755,6.07,2.0833,6.07,2.557,1.551,1.517,153.95
1987-01-22,0.6593,1.3573,18.76,6.879,0.538,7.755,6.08,2.0597,6.08,2.55,1.5225,1.532,151.9
1987-01-23,0.6615,1.359,18.59,6.927,0.531,7.76,6.02,2.0877,6.02,2.553,1.537,1.5205,153.08
1987-01-24,,,,,,,6.02,,6.02,,,,
1987-01-25,,,,,,,6.02,,6.02,,,,
1987-01-26,0.6625,1.3521,18.63,6.915,0.521,7.771,6.14,2.0704,6.14,2.5505,1.5325,1.527,152.65
1987-01-27,0.6617,1.3436,18.48,6.862,0.516,7.7715,6.15,2.0661,6.15,2.546,1.5155,1.5357,151.65
1987-01-28,0.6603,1.3382,18.56,6.765,0.507,7.7625,6.5,2.0367,6.5,2.5325,1.503,1.536,151.75
1987-01-29,0.6614,1.342,18.68,6.785,0.511,7.763,6.22,2.0492,6.22,2.53,1.503,1.5368,152.1
1987-01-30,0.6618,1.339,18.73,6.945,0.521,7.765,6.28,2.0942,6.28,2.5425,1.546,1.514,153.65
1987-01-31,,,,,,,6.28,,6.28,,,,
1987-02-01,,,,,,,6.28,,6.28,,,,
1987-02-02,0.661,1.334,18.59,6.85,0.507,7.7745,6.3,2.064,6.3,2.5375,1.5255,1.5241,152.57
1987-02-03,0.6655,1.333,18.38,6.825,0.501,7.777,6.2,2.0747,6.2,2.531,1.518,1.5275,152.5
1987-02-04,0.6693,1.326,18.26,6.858,0.491,7.786,5.97,2.0725,5.97,2.538,1.5325,1.5228,152.8
1987-02-05,0.6682,1.3315,18.56,6.958,0.506,7.7955,5.95,2.0855,5.95,2.5385,1.5495,1.515,153.63
1987-02-06,0.6693,1.3341,18.44,7.025,0.498,7.799,6.07,2.0964,6.07,2.5465,1.566,1.5065,154.45
1987-02-07,,,,,,,6.07,,6.07,,,,
1987-02-08,,,,,,,6.07,,6.07,,,,
1987-02-09,0.665,1.336,18.37,6.8795,0.488,7.8,6.29,2.0833,6.29,2.555,1.5325,1.519,152.55
1987-02-10,0.6674,1.336,18.43,6.8,0.49,7.785,6.33,2.0725,6.33,2.5475,1.518,1.535,152.4
1987-02-11,0.668,1.3438,18.03,6.862,0.475,7.7895,6.17,2.0921,6.17,2.546,1.538,1.523,153.7
1987-02-12,0.6666,1.3455,18.05,6.904,0.479,7.792,6.22,2.0877,6.22,2.548,1.546,1.519,154.1
1987-02-13,0.6643,1.3425,17.83,6.906,0.475,7.801,6.1,2.1008,6.1,2.55,1.549,1.52,153.7
1987-02-14,,,,,,,6.1,,6.1,,,,
1987-02-15,,,,,,,6.1,,6.1,,,,
1987-02-16,,,,,,,6.1,,6.1,,,,
1987-02-17,0.6618,1.33,17.78,6.8515,0.477,7.798,6.59,2.0855,6.59,2.549,1.5335,1.5305,153.22
1987-02-18,0.6665,1.3308,17.44,6.9,0.468,7.822,6.25,2.1008,6.25,2.5515,1.548,1.5312,153.85
1987-02-19,0.6652,1.3325,17.48,6.955,0.462,7.803,6.0,2.1053,6.0,2.5585,1.553,1.526,154.13
1987-02-20,0.6648,1.3303,17.83,6.906,0.472,7.797,5.92,2.0833,5.92,2.547,1.5452,1.5283,153.65
1987-02-21,,,,,,,5.92,,5.92,,,,
1987-02-22,,,,,,,5.92,,5.92,,,,
1987-02-23,0.6678,1.3324,17.15,6.91,0.454,7.799,6.06,2.0833,6.06,2.5395,1.5475,1.542,153.68
1987-02-24,0.6695,1.331,16.75,6.924,0.445,7.8005,5.95,2.0921,5.95,2.539,1.55,1.5395,153.78
1987-02-25,0.6742,1.3305,16.43,6.8975,0.433,7.7985,5.89,2.079,5.89,2.533,1.5395,1.537,153.6
1987-02-26,0.6743,1.3324,16.98,6.88,0.449,7.795,5.97,2.0704,5.97,2.523,1.536,1.5395,153.15
1987-02-27,0.677,1.3332,16.45,6.893,0.43,7.7955,6.02,2.079,6.02,2.5165,1.5385,1.546,153.27
1987-02-28,,,,,,,6.02,,6.02,,,,
1987-03-01,,,,,,,6.02,,6.02,,,,
1987-03-02,0.6813,1.3316,16.43,6.9015,0.427,7.8,6.18,2.079,6.18,2.52,1.5417,1.5638,153.5
1987-03-03,0.6786,1.3327,17.4,6.91,0.459,7.799,6.22,2.0833,6.22,2.522,1.545,1.56,153.65
1987-03-04,0.6802,1.3328,17.4,6.92,0.458,7.8,6.01,2.0747,6.01,2.522,1.5485,1.5642,153.71
1987-03-05,0.6788,1.3342,18.0,6.895,0.484,7.802,5.99,2.0833,5.99,2.5245,1.544,1.5778,153.2
1987-03-06,0.6775,1.333,18.13,6.9285,0.494,7.805,6.0,2.0833,6.0,2.524,1.551,1.589,153.47
1987-03-07,,,,,,,6.0,,6.0,,,,
1987-03-08,,,,,,,6.0,,6.0,,,,
1987-03-09,0.6795,1.3348,18.13,6.985,0.491,7.805,6.21,2.0833,6.21,2.529,1.5647,1.588,153.8
1987-03-10,0.6835,1.3352,18.27,6.992,0.501,7.803,6.29,2.0964,6.29,2.534,1.5635,1.5842,153.65
1987-03-11,0.6877,1.327,18.33,7.033,0.502,7.804,6.32,2.1053,6.32,2.5345,1.5698,1.591,153.82
1987-03-12,0.6895,1.3211,18.42,7.005,0.503,7.8035,6.14,2.0986,6.14,2.5335,1.56,1.5885,153.63
1987-03-13,0.6775,1.3213,18.39,6.981,0.506,7.803,6.05,2.0942,6.05,2.53,1.554,1.575,152.65
1987-03-14,,,,,,,6.05,,6.05,,,,
1987-03-15,,,,,,,6.05,,6.05,,,,
1987-03-16,0.6793,1.3165,18.61,6.9225,0.52,7.8025,6.25,2.0934,6.25,2.5225,1.5375,1.583,151.65
1987-03-17,0.6876,1.3129,18.94,6.9215,0.53,7.8025,6.05,2.0864,6.05,2.523,1.5395,1.5975,151.95
1987-03-18,0.687,1.3133,18.75,6.915,0.499,7.799,5.97,2.0855,5.97,2.5275,1.538,1.6058,151.95
1987-03-19,0.6857,1.3155,18.61,6.915,0.51,7.801,6.06,2.0833,6.06,2.5235,1.5345,1.6033,151.48
1987-03-20,0.6857,1.3088,18.7,6.903,0.5,7.803,6.09,2.0855,6.09,2.523,1.537,1.6022,151.7
1987-03-21,,,,,,,6.09,,6.09,,,,
1987-03-22,,,,,,,6.09,,6.09,,,,
1987-03-23,0.6884,1.3085,18.6,6.858,0.495,7.803,6.21,2.0768,6.21,2.518,1.5235,1.617,150.25
1987-03-24,0.6929,1.3078,,6.858,0.499,7.7995,6.14,2.0661,6.14,2.5185,1.5235,1.61,149.32
1987-03-25,0.695,1.3114,18.48,6.893,0.492,7.7995,6.28,2.0513,6.28,2.52,1.5248,1.6058,149.15
1987-03-26,0.6954,1.3085,18.63,6.8945,0.489,7.804,6.21,2.0555,6.21,2.522,1.527,1.606,149.2
1987-03-27,0.698,1.3065,18.65,6.887,0.489,7.8005,6.15,2.0408,6.15,2.518,1.52,1.603,147.72
1987-03-28,,,,,,,6.15,,6.15,,,,
1987-03-29,,,,,,,6.15,,6.15,,,,
1987-03-30,0.7025,1.3087,18.67,6.821,0.488,7.7995,6.33,2.0101,6.33,2.511,1.507,1.6075,146.4
1987-03-31,0.7045,1.3053,18.82,6.825,0.471,7.799,6.23,2.0202,6.23,2.506,1.5055,1.607,145.68
1987-04-01,0.7057,1.3097,18.78,6.877,0.495,7.8035,6.22,2.0408,6.22,2.511,1.5215,1.602,146.82
1987-04-02,0.7042,1.3073,18.9,6.84,0.499,7.8015,6.14,2.0492,6.14,2.51,1.516,1.607,146.5
1987-04-03,0.7097,1.308,18.68,6.89,0.494,7.802,5.99,2.0367,5.99,2.508,1.521,1.6095,146.2
1987-04-04,,,,,,,5.99,,5.99,,,,
1987-04-05,,,,,,,5.99,,5.99,,,,
1987-04-06,0.711,1.3077,18.71,6.888,0.489,7.802,6.2,2.0305,6.2,2.5075,1.5195,1.617,146.1
1987-04-07,0.7084,1.3057,18.69,6.89,0.488,7.8025,6.17,2.0387,6.17,2.496,1.515,1.6183,145.35
1987-04-08,0.7091,1.3077,18.68,6.938,0.483,7.8045,6.45,2.0408,6.45,2.497,1.53,1.6128,146.6
1987-04-09,0.7145,1.3028,18.64,6.893,0.478,7.805,6.27,2.0408,6.27,2.4895,1.5145,1.6177,144.7
1987-04-10,0.7182,1.3023,18.26,6.825,0.469,7.8025,6.35,2.0243,6.35,2.481,1.496,1.625,142.55
1987-04-11,,,,,,,6.35,,6.35,,,,
1987-04-12,,,,,,,6.35,,6.35,,,,
1987-04-13,0.7229,1.3028,18.07,6.827,0.473,7.8035,6.56,2.008,6.56,2.4825,1.4995,1.6235,142.65
1987-04-14,0.7224,1.3195,18.09,6.8075,0.47,7.8045,6.55,1.9988,6.55,2.472,1.486,1.633,141.13
1987-04-15,0.7258,1.3247,18.46,6.816,0.481,7.801,6.45,2.0,6.45,2.477,1.489,1.633,141.75
1987-04-16,0.7153,1.3185,18.58,6.84,0.476,7.803,6.26,2.0121,6.26,2.482,1.493,1.631,143.0
1987-04-17,0.712,1.32,,6.846,,7.803,6.05,2.0101,6.05,2.4845,1.4965,1.63,143.2
1987-04-18,,,,,,,6.05,,6.05,,,,
1987-04-19,,,,,,,6.05,,6.05,,,,
1987-04-20,0.7122,1.3183,18.66,6.845,0.47,7.803,6.21,2.008,6.21,2.482,1.4935,1.6317,142.4
1987-04-21,0.7081,1.322,18.97,6.855,0.476,7.7995,6.42,2.0101,6.42,2.476,1.4945,1.6332,142.35
1987-04-22,0.7057,1.3305,19.03,6.878,0.479,7.8,6.78,2.0182,6.78,2.481,1.4975,1.6275,142.35
1987-04-23,0.7115,1.3317,19.03,6.841,0.494,7.8025,6.42,2.0161,6.42,2.481,1.4825,1.637,141.2
1987-04-24,0.7094,1.3363,19.01,6.753,0.497,7.8,6.29,2.0048,6.29,2.472,1.4635,1.657,139.75
1987-04-25,,,,,,,6.29,,6.29,,,,
1987-04-26,,,,,,,6.29,,6.29,,,,
1987-04-27,0.713,1.338,18.83,6.733,0.499,7.7995,6.57,1.994,6.57,2.4665,1.4605,1.6675,138.4
1987-04-28,0.7035,1.3354,18.73,6.768,0.496,7.803,6.75,2.0,6.75,2.4705,1.468,1.6545,139.9
1987-04-29,0.7063,1.3363,18.66,6.765,0.484,7.803,6.87,2.002,6.87,2.481,1.4745,1.6597,140.2
1987-04-30,0.702,1.3371,18.76,6.772,0.494,7.804,7.63,2.004,7.63,2.4765,1.477,1.6605,140.67
1987-05-01,0.7018,1.338,18.84,6.715,0.494,7.808,7.67,2.008,7.67,2.4775,1.461,1.6685,140.35
1987-05-02,,,,,,,7.67,,7.67,,,,
1987-05-03,,,,,,,7.67,,7.67,,,,
1987-05-04,0.7046,1.3447,18.93,6.688,0.496,7.808,7.0,1.996,7.0,2.4775,1.4525,1.68,139.1
1987-05-05,0.7103,1.342,19.18,6.661,0.503,7.8075,6.86,1.992,6.86,2.4665,1.454,1.6885,138.67
1987-05-06,0.7103,1.3363,19.22,6.6635,0.513,7.808,6.61,2.0,6.61,2.466,1.4555,1.6843,139.2
1987-05-07,0.7111,1.3365,19.08,6.697,0.508,7.8045,6.84,2.004,6.84,2.4695,1.4605,1.679,139.4
1987-05-08,0.7117,1.337,19.28,6.741,0.515,7.803,6.72,2.0101,6.72,2.469,1.471,1.6745,139.6
1987-05-09,,,,,,,6.72,,6.72,,,,
1987-05-10,,,,,,,6.72,,6.72,,,,
1987-05-11,0.7131,1.335,19.43,6.768,0.517,7.8035,6.84,2.0182,6.84,2.4725,1.4785,1.658,139.5
1987-05-12,0.7161,1.3358,19.37,6.7275,0.523,7.8035,6.75,2.0121,6.75,2.471,1.469,1.6692,139.6
1987-05-13,0.712,1.3393,19.39,6.743,0.521,7.8043,6.67,2.0141,6.67,2.473,1.4705,1.6715,139.76
1987-05-14,0.7142,1.3391,19.56,6.723,0.524,7.803,6.75,2.0121,6.75,2.47,1.4695,1.6778,139.5
1987-05-15,0.7176,1.3403,19.84,6.6985,0.524,7.799,6.84,1.996,6.84,2.469,1.4616,1.6783,139.8
1987-05-16,,,,,,,6.84,,6.84,,,,
1987-05-17,,,,,,,6.84,,6.84,,,,
1987-05-18,0.722,1.3406,19.91,6.691,0.524,7.7988,6.88,1.994,6.88,2.4685,1.4595,1.6838,139.95
1987-05-19,0.7211,1.3406,19.97,6.7,0.526,7.802,6.67,2.0,6.67,2.472,1.459,1.6825,140.0
1987-05-20,0.7236,1.346,19.75,6.68,0.522,7.8042,6.6,1.9901,6.6,2.4685,1.454,1.683,139.78
1987-05-21,0.7213,1.348,19.95,6.696,0.531,7.8038,6.77,1.994,6.77,2.471,1.459,1.679,140.45
1987-05-22,0.7203,1.3482,19.68,6.705,0.527,7.8055,6.72,1.9794,6.72,2.472,1.4605,1.673,140.6
1987-05-23,,,,,,,6.72,,6.72,,,,
1987-05-24,,,,,,,6.72,,6.72,,,,
1987-05-25,,,,,,,6.72,,6.72,,,,
1987-05-26,0.7128,1.3445,19.35,6.789,0.527,7.8075,6.97,2.0101,6.97,2.494,1.488,1.634,143.3
1987-05-27,0.7149,1.3467,19.38,6.863,0.52,7.8073,6.97,2.0284,6.97,2.4945,1.507,1.613,143.52
1987-05-28,0.7122,1.344,19.28,6.85,0.517,7.8075,6.8,2.0284,6.8,2.498,1.5065,1.6255,143.4
1987-05-29,0.7122,1.3388,19.36,6.867,0.519,7.8085,6.63,2.0223,6.63,2.499,1.5125,1.6295,144.1
1987-05-30,,,,,,,6.63,,6.63,,,,
1987-05-31,,,,,,,6.63,,6.63,,,,
1987-06-01,0.7147,1.338,19.55,6.905,0.519,7.81,6.74,2.0325,6.74,2.5065,1.522,1.6242,145.45
1987-06-02,0.7152,1.3422,19.7,6.788,0.514,7.8097,6.56,2.0182,6.56,2.495,1.488,1.6435,142.25
1987-06-03,0.7168,1.3435,19.87,6.8,0.519,7.8062,6.58,2.0161,6.58,2.4975,1.4938,1.643,142.8
1987-06-04,0.714,1.3414,19.75,6.845,0.516,7.8075,6.74,2.0223,6.74,2.499,1.5035,1.6232,144.3
1987-06-05,0.7139,1.3437,19.79,6.83,0.515,7.807,6.7,2.0101,6.7,2.497,1.504,1.631,143.8
1987-06-06,,,,,,,6.7,,6.7,,,,
1987-06-07,,,,,,,6.7,,6.7,,,,
1987-06-08,0.714,1.3433,19.94,6.795,0.522,7.8064,6.75,2.0101,6.75,2.4925,1.5015,1.6385,143.45
1987-06-09,0.7147,1.3427,19.84,6.762,0.523,7.809,6.68,2.004,6.68,2.4875,1.4833,1.661,142.5
1987-06-10,0.7186,1.3394,19.83,6.772,0.524,7.8068,6.63,2.0,6.63,2.4865,1.487,1.6585,142.45
1987-06-11,0.7162,1.3423,19.85,6.753,0.523,7.8075,6.73,2.0,6.73,2.4907,1.484,1.6613,142.55
1987-06-12,0.7182,1.3398,19.93,6.812,0.522,7.809,6.71,2.0101,6.71,2.4895,1.5,1.652,143.85
1987-06-13,,,,,,,6.71,,6.71,,,,
1987-06-14,,,,,,,6.71,,6.71,,,,
1987-06-15,0.7167,1.3412,20.07,6.872,0.526,7.8105,6.85,2.0182,6.85,2.506,1.5125,1.632,144.8
1987-06-16,0.7192,1.341,20.27,6.87,0.529,7.809,6.74,2.0223,6.74,2.5085,1.521,1.634,144.45
1987-06-17,0.7231,1.3407,20.41,6.8775,0.532,7.8065,6.8,2.0182,6.8,2.5175,1.5184,1.6342,144.65
1987-06-18,0.722,1.3415,20.5,6.876,0.529,7.8058,6.81,2.0202,6.81,2.5155,1.516,1.6298,144.6
1987-06-19,0.7211,1.3393,20.65,6.893,0.529,7.8073,6.76,2.0243,6.76,2.5165,1.522,1.616,145.05
1987-06-20,,,,,,,6.76,,6.76,,,,
1987-06-21,,,,,,,6.76,,6.76,,,,
1987-06-22,0.7213,1.3353,20.49,6.927,0.513,7.8075,6.83,2.0317,6.83,2.5225,1.5285,1.595,145.9
1987-06-23,0.7165,1.334,19.95,6.899,0.514,7.808,6.84,2.0408,6.84,2.53,1.519,1.599,146.03
1987-06-24,0.7173,1.3337,20.13,6.885,0.512,7.808,6.75,2.0354,6.75,2.5205,1.5115,1.622,145.08
1987-06-25,0.7202,1.3303,20.15,6.8805,0.515,7.8077,6.81,2.0492,6.81,2.5245,1.519,1.6121,146.33
1987-06-26,0.7191,1.3327,20.34,6.91,0.53,7.8082,6.72,2.0492,6.72,2.52,1.5145,1.6105,146.3
1987-06-27,,,,,,,6.72,,6.72,,,,
1987-06-28,,,,,,,6.72,,6.72,,,,
1987-06-29,0.7208,1.3337,20.38,6.94,0.534,7.808,6.68,2.0471,6.68,2.5205,1.522,1.6008,146.7
1987-06-30,0.7209,1.3315,20.22,6.93,0.539,7.8105,6.56,2.0471,6.56,2.5285,1.5155,1.6128,146.8
1987-07-01,0.7209,1.3305,20.47,6.931,0.54,7.81,6.07,2.0429,6.07,2.5265,1.5195,1.6155,146.85
1987-07-02,0.72,1.3303,20.61,6.948,0.541,7.81,6.68,2.0471,6.68,2.5288,1.522,1.6155,147.3
1987-07-03,0.7185,1.3279,20.61,6.973,,7.811,6.59,2.0555,6.59,2.5325,1.5307,1.61,148.82
1987-07-04,,,,,,,6.59,,6.59,,,,
1987-07-05,,,,,,,6.59,,6.59,,,,
1987-07-06,0.7121,1.3282,20.92,6.9915,0.544,7.8102,6.73,2.0576,6.73,2.537,1.5345,1.6185,149.13
1987-07-07,0.7,1.3232,20.76,6.98,0.535,7.809,6.72,2.0492,6.72,2.536,1.5345,1.62,149.7
1987-07-08,0.7059,1.3245,20.94,6.991,0.539,7.809,6.59,2.0479,6.59,2.5395,1.5337,1.6178,150.57
1987-07-09,0.7097,1.3235,21.32,6.987,0.547,7.807,6.62,2.0513,6.62,2.5365,1.535,1.6175,149.98
1987-07-10,0.7077,1.3211,21.34,7.01,0.551,7.8082,6.54,2.0619,6.54,2.54,1.5405,1.6135,150.65
1987-07-11,,,,,,,6.54,,6.54,,,,
1987-07-12,,,,,,,6.54,,6.54,,,,
1987-07-13,0.7075,1.3199,21.38,6.998,0.548,7.8097,6.62,2.0661,6.62,2.539,1.537,1.6175,150.98
1987-07-14,0.707,1.3179,21.65,7.023,0.554,7.8107,6.4,2.0534,6.4,2.538,1.5405,1.6108,151.08
1987-07-15,0.71,1.3236,22.23,6.95,0.555,7.81,6.38,2.0429,6.38,2.536,1.523,1.6315,148.65
1987-07-16,0.7116,1.3217,22.44,6.979,0.559,7.8092,6.56,2.0513,6.56,2.539,1.5292,1.6305,150.55
1987-07-17,0.7098,1.3188,22.44,7.063,0.563,7.8088,6.56,2.0619,6.56,2.5515,1.5475,1.6075,152.76
1987-07-18,,,,,,,6.56,,6.56,,,,
1987-07-19,,,,,,,6.56,,6.56,,,,
1987-07-20,0.7067,1.3189,22.23,7.069,0.564,7.8087,6.66,2.0683,6.66,2.55,1.5505,1.6018,152.85
1987-07-21,0.7085,1.3213,21.75,7.08,0.552,7.8087,6.58,2.0777,6.58,2.549,1.548,1.5955,152.66
1987-07-22,0.7103,1.3212,21.73,7.0775,0.553,7.8084,6.52,2.0704,6.52,2.551,1.5458,1.595,152.34
1987-07-23,0.7099,1.3292,21.23,7.0425,0.547,7.8085,6.6,2.0661,6.6,2.549,1.537,1.6037,150.78
1987-07-24,0.7076,1.3388,20.58,7.0425,0.533,7.8085,6.62,2.0683,6.62,2.547,1.536,1.603,149.95
1987-07-25,,,,,,,6.62,,6.62,,,,
1987-07-26,,,,,,,6.62,,6.62,,,,
1987-07-27,0.7035,1.3348,20.5,7.05,0.531,7.8085,6.64,2.0725,6.64,2.545,1.5388,1.5975,150.45
1987-07-28,0.6995,1.3334,21.35,7.057,0.546,7.809,6.58,2.0683,6.58,2.5467,1.5386,1.5985,150.38
1987-07-29,0.698,1.3325,21.49,7.056,0.545,7.8088,6.7,2.0704,6.7,2.5455,1.5405,1.6,150.78
1987-07-30,0.6985,1.3326,21.47,7.049,0.545,7.8085,6.72,2.079,6.72,2.548,1.5388,1.594,149.65
1987-07-31,0.6982,1.328,21.43,7.064,0.544,7.8077,6.75,2.0725,6.75,2.5405,1.5385,1.591,149.9
1987-08-01,,,,,,,6.75,,6.75,,,,
1987-08-02,,,,,,,6.75,,6.75,,,,
1987-08-03,0.7003,1.3241,22.21,7.0825,0.566,7.8058,6.82,2.0661,6.82,2.541,1.544,1.5835,150.5
1987-08-04,0.6989,1.3258,21.82,7.174,0.558,7.8085,6.76,2.0725,6.76,2.5675,1.568,1.57,152.1
1987-08-05,0.7018,1.3251,21.37,7.135,0.551,7.8097,6.68,2.079,6.68,2.545,1.5575,1.5783,150.75
1987-08-06,0.6993,1.3231,21.17,7.163,0.549,7.81,6.62,2.0747,6.62,2.5448,1.562,1.576,151.45
1987-08-07,0.6994,1.3262,21.01,7.195,0.545,7.8115,6.57,2.0877,6.57,2.544,1.5725,1.5667,151.57
1987-08-08,,,,,,,6.57,,6.57,,,,
1987-08-09,,,,,,,6.57,,6.57,,,,
1987-08-10,0.6975,1.3287,20.7,7.246,0.536,7.8105,6.58,2.1053,6.58,2.546,1.5735,1.5667,151.12
1987-08-11,0.7017,1.3298,21.07,7.2825,0.541,7.8117,6.47,2.1097,6.47,2.546,1.5772,1.5697,151.77
1987-08-12,0.7025,1.3315,20.96,7.2585,0.541,7.812,6.65,2.1053,6.65,2.5475,1.5727,1.579,151.25
1987-08-13,0.7048,1.3294,20.76,7.275,0.536,7.8112,6.67,2.1097,6.67,2.5462,1.566,1.5797,151.45
1987-08-14,0.7084,1.3312,20.53,7.218,0.53,7.8105,6.75,2.0986,6.75,2.5445,1.558,1.589,150.0
1987-08-15,,,,,,,6.75,,6.75,,,,
1987-08-16,,,,,,,6.75,,6.75,,,,
1987-08-17,0.7108,1.3311,19.85,7.221,0.514,7.8107,6.91,2.1097,6.91,2.5427,1.5576,1.5908,149.92
1987-08-18,0.7161,1.3317,19.84,7.102,0.511,7.8095,6.7,2.0747,6.7,2.5345,1.527,1.617,146.07
1987-08-19,0.7093,1.3308,19.71,7.09,0.508,7.808,6.66,2.0661,6.66,2.5325,1.5265,1.615,145.1
1987-08-20,0.7088,1.3271,19.47,7.055,0.499,7.8085,6.63,2.0725,6.63,2.53,1.5145,1.622,144.15
1987-08-21,0.7123,1.325,19.2,7.015,0.494,7.807,6.62,2.0513,6.62,2.5265,1.5047,1.629,142.75
1987-08-22,,,,,,,6.62,,6.62,,,,
1987-08-23,,,,,,,6.62,,6.62,,,,
1987-08-24,0.7154,1.3213,19.18,6.9995,0.489,7.8075,6.77,2.0513,6.77,2.522,1.497,1.63,142.0
1987-08-25,0.7135,1.3195,19.3,7.204,0.486,7.807,6.85,2.0576,6.85,2.521,1.503,1.6182,143.22
1987-08-26,0.712,1.3223,19.49,7.028,0.51,7.8085,7.24,2.0683,7.24,2.5225,1.504,1.6165,143.05
1987-08-27,0.7118,1.317,19.69,6.983,0.515,7.808,6.9,2.0597,6.9,2.52,1.493,1.629,142.05
1987-08-28,0.7115,1.3183,19.44,6.98,0.509,7.8085,6.84,2.0513,6.84,2.5175,1.4922,1.6325,142.0
1987-08-29,,,,,,,6.84,,6.84,,,,
1987-08-30,,,,,,,6.84,,6.84,,,,
1987-08-31,0.7145,1.3196,19.76,6.978,0.519,7.8075,6.95,2.0408,6.95,2.516,1.4935,1.6328,141.75
1987-09-01,0.7178,1.3173,19.61,6.9845,0.52,7.8077,6.84,2.0408,6.84,2.513,1.4975,1.6401,141.83
1987-09-02,0.7208,1.3155,19.62,6.945,0.519,7.8075,6.77,2.0346,6.77,2.5095,1.489,1.6497,141.03
1987-09-03,0.7221,1.3142,19.48,6.927,0.521,7.8035,6.84,2.0292,6.84,2.51,1.483,1.657,141.03
1987-09-04,0.7234,1.3142,19.34,6.9325,0.515,7.8005,6.85,2.0325,6.85,2.5095,1.487,1.6538,141.75
1987-09-05,,,,,,,6.85,,6.85,,,,
1987-09-06,,,,,,,6.85,,6.85,,,,
1987-09-07,,,19.34,,,,6.85,,6.85,,,,
1987-09-08,0.7278,1.313,18.99,6.9175,0.507,7.7991,7.15,2.0231,7.15,2.5095,1.4843,1.6595,141.75
1987-09-09,0.7287,1.3204,19.43,6.965,0.521,7.799,7.23,2.0292,7.23,2.5085,1.487,1.651,141.6
1987-09-10,0.727,1.3215,19.72,6.99,0.524,7.799,7.19,2.0387,7.19,2.5128,1.496,1.6447,142.57
1987-09-11,0.7305,1.3183,19.42,6.955,0.52,7.796,7.13,2.0325,7.13,2.512,1.4905,1.65,142.8
1987-09-12,,,,,,,7.13,,7.13,,,,
1987-09-13,,,,,,,7.13,,7.13,,,,
1987-09-14,0.7276,1.3184,19.64,7.02,0.525,7.7995,7.24,2.0521,7.24,2.5215,1.508,1.637,144.5
1987-09-15,0.7294,1.3153,19.66,7.01,0.519,7.8014,7.42,2.0471,7.42,2.523,1.5048,1.6423,144.05
1987-09-16,0.7329,1.3178,19.71,6.995,0.519,7.8034,7.26,2.0492,7.26,2.522,1.506,1.6452,144.36
1987-09-17,0.7334,1.3155,19.58,6.986,0.515,7.8045,7.09,2.0492,7.09,2.523,1.507,1.6462,143.4
1987-09-18,0.7347,1.3136,19.58,6.956,0.517,7.801,7.05,2.0429,7.05,2.519,1.4967,1.6553,142.67
1987-09-19,,,,,,,7.05,,7.05,,,,
1987-09-20,,,,,,,7.05,,7.05,,,,
1987-09-21,0.7363,1.315,19.77,6.9825,0.519,7.805,7.32,2.0471,7.32,2.5205,1.5053,1.6478,143.55
1987-09-22,0.7325,1.3178,19.35,7.003,0.519,7.8064,7.54,2.0513,7.54,2.5245,1.508,1.641,144.15
1987-09-23,0.7322,1.3174,19.66,7.01,0.528,7.807,7.74,2.0492,7.74,2.5256,1.5125,1.6422,143.9
1987-09-24,0.7285,1.316,19.61,7.01,0.531,7.8045,7.35,2.0576,7.35,2.52,1.5109,1.637,143.73
1987-09-25,0.7245,1.3123,19.47,7.011,0.53,7.8062,7.27,2.0576,7.27,2.5225,1.5113,1.6417,143.67
1987-09-26,,,,,,,7.27,,7.27,,,,
1987-09-27,,,,,,,7.27,,7.27,,,,
1987-09-28,0.7279,1.3114,19.48,7.02,0.53,7.8067,7.48,2.0619,7.48,2.5253,1.514,1.642,144.07
1987-09-29,0.717,1.31,19.58,7.0715,0.537,7.808,7.9,2.079,7.9,2.5293,1.5288,1.628,146.2
1987-09-30,0.7088,1.3095,19.62,7.085,0.54,7.8075,8.38,2.0768,8.38,2.5355,1.5336,1.6248,146.5
1987-10-01,0.71,1.307,19.62,7.11,0.544,7.809,7.71,2.0855,7.71,2.538,1.534,1.6165,146.9
1987-10-02,0.7138,1.3085,19.88,7.088,0.552,7.8088,7.42,2.0799,7.42,2.54,1.5352,1.6212,146.4
1987-10-03,,,,,,,7.42,,7.42,,,,
1987-10-04,,,,,,,7.42,,7.42,,,,
1987-10-05,0.7142,1.309,19.81,7.093,0.555,7.8102,7.45,2.0833,7.45,2.5445,1.5355,1.6238,146.85
1987-10-06,0.7177,1.3049,19.33,7.056,0.547,7.8085,7.32,2.064,7.32,2.5495,1.5307,1.632,146.71
1987-10-07,0.7237,1.3052,19.68,7.022,0.554,7.8085,7.3,2.0631,7.3,2.5479,1.524,1.6403,145.65
1987-10-08,0.7235,1.304,19.77,7.002,0.558,7.807,7.55,2.0657,7.55,2.546,1.5187,1.6425,144.89
1987-10-09,0.7244,1.307,19.67,6.971,0.555,7.8085,7.58,2.0597,7.58,2.537,1.509,1.6507,143.85
1987-10-10,,,,,,,7.58,,7.58,,,,
1987-10-11,,,,,,,7.58,,7.58,,,,
1987-10-12,,,19.67,,0.555,,7.58,,7.58,,,,
1987-10-13,0.7221,1.306,19.66,6.9925,0.557,7.8065,7.65,2.0683,7.65,2.5375,1.5096,1.647,143.75
1987-10-14,0.7232,1.306,19.79,6.95,0.559,7.808,7.59,2.0555,7.59,2.535,1.5015,1.653,142.75
1987-10-15,0.7276,1.3009,19.77,6.916,0.559,7.8025,7.76,2.0492,7.76,2.5265,1.49,1.664,142.15
1987-10-16,0.721,1.2985,20.23,6.9175,0.575,7.8025,7.55,2.0555,7.55,2.5265,1.493,1.6645,142.75
1987-10-17,,,,,,,7.55,,7.55,,,,
1987-10-18,,,,,,,7.55,,7.55,,,,
1987-10-19,0.7223,1.2966,19.79,6.85,0.562,7.7985,7.61,2.0121,7.61,2.5245,1.4773,1.68,141.83
1987-10-20,0.7155,1.3192,19.79,6.966,0.567,7.809,7.07,2.0471,7.07,2.534,1.501,1.6545,143.9
1987-10-21,0.7135,1.3145,19.93,6.962,0.569,7.808,6.47,2.0492,6.47,2.5325,1.506,1.6515,144.2
1987-10-22,0.7154,1.3167,20.19,6.9625,0.576,7.814,7.14,2.0471,7.14,2.5255,1.505,1.6495,144.68
1987-10-23,0.7162,1.314,20.18,6.895,0.573,7.8125,7.0,2.0492,7.0,2.525,1.479,1.675,142.85
1987-10-24,,,,,,,7.0,,7.0,,,,
1987-10-25,,,,,,,7.0,,7.0,,,,
1987-10-26,0.7065,1.3155,20.0,6.825,0.567,7.811,7.24,2.0243,7.24,2.5165,1.463,1.688,142.2
1987-10-27,0.6982,1.3183,20.15,6.77,0.573,7.8095,7.14,2.0367,7.14,2.5208,1.4535,1.6965,141.58
1987-10-28,0.687,1.3185,20.1,6.745,0.575,7.8083,6.72,2.021,6.72,2.5165,1.444,1.71,139.18
1987-10-29,0.6695,1.318,19.93,6.675,0.572,7.8065,6.76,2.0101,6.76,2.5085,1.435,1.719,138.25
1987-10-30,0.67,1.3162,19.96,6.682,0.573,7.804,6.62,2.0161,6.62,2.5155,1.429,1.7215,138.4
1987-10-31,,,,,,,6.62,,6.62,,,,
1987-11-01,,,,,,,6.62,,6.62,,,,
1987-11-02,0.6762,1.3145,19.64,6.62,0.565,7.8105,6.64,1.9901,6.64,2.509,1.4163,1.739,137.0
1987-11-03,0.6702,1.322,19.39,6.635,0.562,7.8128,6.06,1.9841,6.06,2.508,1.4142,1.74,137.38
1987-11-04,0.6732,1.3236,19.09,6.605,0.551,7.8107,5.69,1.9901,5.69,2.5055,1.411,1.7482,137.28
1987-11-05,0.6755,1.3315,19.02,6.45,0.553,7.8065,6.57,1.8744,6.57,2.49,1.368,1.783,134.7
1987-11-06,0.6838,1.3205,18.73,6.495,0.555,7.808,6.7,1.9704,6.7,2.4935,1.379,1.7825,135.4
1987-11-07,,,,,,,6.7,,6.7,,,,
1987-11-08,,,,,,,6.7,,6.7,,,,
1987-11-09,0.683,1.3204,18.66,6.412,0.552,7.808,6.82,1.957,6.82,2.497,1.3655,1.793,134.3
1987-11-10,0.6795,1.32,18.98,6.421,0.563,7.809,6.63,1.9512,6.63,2.4925,1.366,1.7865,134.55
1987-11-11,,,18.92,,0.57,,6.63,,6.63,,,,
1987-11-12,0.6825,1.3175,18.93,6.5275,0.57,7.803,6.72,1.9901,6.72,2.502,1.398,1.7575,136.45
1987-11-13,0.6858,1.319,18.89,6.515,0.563,7.801,6.8,1.996,6.8,2.5055,1.3885,1.768,135.85
1987-11-14,,,,,,,6.8,,6.8,,,,
1987-11-15,,,,,,,6.8,,6.8,,,,
1987-11-16,0.6863,1.3177,18.69,6.5775,0.56,7.807,7.11,2.0182,7.11,2.508,1.4,1.75,136.6
1987-11-17,0.6967,1.3172,18.28,6.53,0.549,7.8028,6.72,1.996,6.72,2.5055,1.39,1.764,135.72
1987-11-18,0.6945,1.315,18.62,6.5225,0.551,7.7955,6.46,1.994,6.46,2.501,1.3835,1.77,135.55
1987-11-19,0.6942,1.3107,18.55,6.5,0.551,7.785,6.82,1.9763,6.82,2.497,1.3768,1.7802,135.15
1987-11-20,0.6895,1.3137,18.87,6.49,0.557,7.761,6.74,1.9724,6.74,2.495,1.38,1.779,135.45
1987-11-21,,,,,,,6.74,,6.74,,,,
1987-11-22,,,,,,,6.74,,6.74,,,,
1987-11-23,0.6827,1.3115,19.31,6.44,0.561,7.7875,6.89,1.9763,6.89,2.493,1.369,1.7905,134.73
1987-11-24,0.6885,1.315,18.73,6.515,0.559,7.793,6.77,1.9802,6.77,2.4945,1.3865,1.7725,135.52
1987-11-25,0.6921,1.31,18.63,6.435,0.564,7.788,6.73,1.9743,6.73,2.499,1.3715,1.7925,134.8
1987-11-26,,,,,,,6.73,,6.73,,,,
1987-11-27,0.6942,1.3091,18.63,6.4,0.564,7.78,6.76,1.9646,6.76,2.497,1.3585,1.8105,133.7
1987-11-28,,,,,,,6.76,,6.76,,,,
1987-11-29,,,,,,,6.76,,6.76,,,,
1987-11-30,0.705,1.3081,18.52,6.3375,0.564,7.77,7.19,1.9474,7.19,2.487,1.3455,1.8256,132.42
1987-12-01,0.705,1.3138,18.44,6.366,0.56,7.769,7.04,1.9704,7.04,2.494,1.361,1.818,133.0
1987-12-02,0.7026,1.3134,18.59,6.373,0.568,7.77,7.0,1.9763,7.0,2.5,1.352,1.812,132.7
1987-12-03,0.7014,1.3117,18.87,6.425,0.58,7.771,6.99,1.9802,6.99,2.502,1.359,1.8065,132.9
1987-12-04,0.6963,1.3108,18.68,6.445,0.575,7.77,6.82,1.9751,6.82,2.5035,1.3645,1.798,132.85
1987-12-05,,,,,,,6.82,,6.82,,,,
1987-12-06,,,,,,,6.82,,6.82,,,,
1987-12-07,0.6972,1.3112,18.3,6.455,0.561,7.787,6.93,1.9763,6.93,2.5035,1.3665,1.794,132.8
1987-12-08,0.6983,1.3097,18.06,6.437,0.549,7.783,6.79,1.9673,6.79,2.503,1.3645,1.7962,132.72
1987-12-09,0.7024,1.3075,18.53,6.4175,0.559,7.776,6.72,1.9627,6.72,2.5005,1.361,1.802,132.4
1987-12-10,0.7068,1.3055,18.51,6.326,0.562,7.775,6.83,1.957,6.83,2.495,1.3345,1.83,129.4
1987-12-11,0.7137,1.3056,18.31,6.2975,0.56,7.77,6.81,1.9512,6.81,2.48,1.331,1.838,128.5
1987-12-12,,,,,,,6.81,,6.81,,,,
1987-12-13,,,,,,,6.81,,6.81,,,,
1987-12-14,0.718,1.3077,17.47,6.29,0.543,7.751,6.78,1.9399,6.78,2.479,1.3282,1.837,128.02
1987-12-15,0.7127,1.3074,16.75,6.29,0.522,7.756,6.51,1.9387,6.51,2.485,1.328,1.8315,127.6
1987-12-16,0.7155,1.3086,15.97,6.3025,0.504,7.772,5.52,1.9418,5.52,2.49,1.3285,1.8315,127.28
1987-12-17,0.7168,1.306,15.97,6.26,0.506,7.768,6.67,1.9455,6.67,2.49,1.317,1.8355,126.25
1987-12-18,0.7125,1.3065,15.57,6.3,0.499,7.79,6.75,1.9399,6.75,2.495,1.3275,1.8258,127.1
1987-12-19,,,,,,,6.75,,6.75,,,,
1987-12-20,,,,,,,6.75,,6.75,,,,
1987-12-21,0.7125,1.3074,15.12,6.297,0.504,7.7825,6.85,1.9493,6.85,2.497,1.3295,1.827,127.08
1987-12-22,0.7135,1.3058,16.6,6.28,0.53,7.785,6.77,1.9512,6.77,2.5,1.3235,1.8305,126.55
1987-12-23,0.7129,1.3068,16.64,6.3115,0.522,7.773,6.74,1.9558,6.74,2.496,1.3305,1.8232,126.75
1987-12-24,0.7145,1.307,16.54,6.292,0.522,7.77,6.7,1.9608,6.7,2.499,1.3215,1.8315,126.12
1987-12-25,,,,,,,6.7,,6.7,,,,
1987-12-26,,,,,,,6.7,,6.7,,,,
1987-12-27,,,,,,,6.7,,6.7,,,,
1987-12-28,0.718,1.3037,16.46,6.1525,0.514,7.775,6.91,1.9268,6.91,2.49,1.29,1.86,123.15
1987-12-29,0.7215,1.3053,16.95,6.16,0.519,7.777,7.21,1.9257,7.21,2.492,1.289,1.861,123.5
1987-12-30,0.7191,1.3033,16.97,6.157,0.511,7.764,6.77,1.9324,6.77,2.493,1.2895,1.858,123.4
1987-12-31,0.722,1.3002,16.74,6.06,0.513,7.762,6.89,1.9305,6.89,2.489,1.2715,1.886,121.25
1988-01-01,,,,,,,6.89,,6.89,,,,
