experiment_id,file,dataset_name,model_name,timestamp,accuracy,auc,f1,precision,recall
2026-09-24_14-34-55_predict_all_train_gemini-2.5-flash_zero_shot,openrouter_classifier_prediction_metrics.yaml,prediction,openrouter_classifier,2026-09-24T14:35:18.396498,1.0,1.0,1.0,1.0,1.0
2026-09-24_14-34-55_predict_all_train_gemini-2.5-flash_zero_shot,openrouter_classifier_test_metrics.yaml,test,openrouter_classifier,2026-09-24T14:35:18.399956,1.0,1.0,1.0,1.0,1.0
2026-09-24_14-45-31_predict_all_train_gpt-5-nano_zero_shot,openrouter_classifier_prediction_metrics.yaml,prediction,openrouter_classifier,2026-09-24T14:46:48.043215,0.65,0.6804563492063491,0.585419411506368,0.6384615384615385,0.5722222222222223
2026-09-24_14-45-31_predict_all_train_gpt-5-nano_zero_shot,openrouter_classifier_test_metrics.yaml,test,openrouter_classifier,2026-09-24T14:46:48.046392,0.65,0.6804563492063491,0.585419411506368,0.6384615384615385,0.5722222222222223
2026-09-24_14-47-15_predict_all_test_gpt-5-nano_5_shot_lab-manual-combine-test-5768,openrouter_classifier_test_metrics.yaml,test,openrouter_classifier,2026-09-24T14:48:24.135824,0.5,nan,0.3333333333333333,0.25,0.5
2026-09-24_14-48-24_predict_all_test_gpt-5-nano_5_shot_lab-manual-combine-test-78516,openrouter_classifier_test_metrics.yaml,test,openrouter_classifier,2026-09-24T14:49:35.302705,0.5,nan,0.3333333333333333,0.5,0.25
2026-09-24_14-49-35_predict_all_test_gpt-5-nano_5_shot_lab-manual-combine-test-944601,openrouter_classifier_test_metrics.yaml,test,openrouter_classifier,2026-09-24T14:50:50.012196,0.0,nan,0.0,0.0,0.0
2026-09-24_14-50-50_predict_all_test_gpt-5-nano_5_shot_lab-manual-mm-split-test-5768,openrouter_classifier_test_metrics.yaml,test,openrouter_classifier,2026-09-24T14:51:56.507903,0.5,nan,0.3333333333333333,0.25,0.5
2026-09-24_14-51-56_predict_all_test_gpt-5-nano_5_shot_lab-manual-mm-split-test-78516,openrouter_classifier_test_metrics.yaml,test,openrouter_classifier,2026-09-24T14:53:14.685286,0.0,nan,0.0,0.0,0.0
2026-09-24_14-53-14_predict_all_test_gpt-5-nano_5_shot_lab-manual-mm-split-test-944601,openrouter_classifier_test_metrics.yaml,test,openrouter_classifier,2026-09-24T14:54:34.075774,1.0,nan,1.0,1.0,1.0
2026-09-24_14-54-34_predict_all_test_gpt-5-nano_5_shot_lab-manual-mm-test-5768,openrouter_classifier_test_metrics.yaml,test,openrouter_classifier,2026-09-24T14:55:52.872634,0.5,nan,0.3333333333333333,0.5,0.25
2026-09-24_14-55-52_predict_all_test_gpt-5-nano_5_shot_lab-manual-mm-test-78516,openrouter_classifier_test_metrics.yaml,test,openrouter_classifier,2026-09-24T14:56:50.101243,0.5,nan,0.3333333333333333,0.25,0.5
2026-09-24_14-56-50_predict_all_test_gpt-5-nano_5_shot_lab-manual-mm-test-944601,openrouter_classifier_test_metrics.yaml,test,openrouter_classifier,2026-09-24T14:58:02.871698,1.0,nan,1.0,1.0,1.0
2026-09-24_14-58-02_predict_all_test_gpt-5-nano_5_shot_lab-manual-pc-split-test-5768,openrouter_classifier_test_metrics.yaml,test,openrouter_classifier,2026-09-24T14:59:05.413227,0.5,nan,0.3333333333333333,0.25,0.5
2026-09-24_14-59-05_predict_all_test_gpt-5-nano_5_shot_lab-manual-pc-split-test-78516,openrouter_classifier_test_metrics.yaml,test,openrouter_classifier,2026-09-24T14:59:59.691486,0.5,nan,0.3333333333333333,0.5,0.25
2026-09-24_14-59-59_predict_all_test_gpt-5-nano_5_shot_lab-manual-pc-split-test-944601,openrouter_classifier_test_metrics.yaml,test,openrouter_classifier,2026-09-24T15:01:36.117583,0.5,nan,0.3333333333333333,0.5,0.25
2026-09-24_15-01-36_predict_all_test_gpt-5-nano_5_shot_lab-manual-pc-test-5768,openrouter_classifier_test_metrics.yaml,test,openrouter_classifier,2026-09-24T15:03:00.599554,1.0,nan,1.0,1.0,1.0
2026-09-24_15-03-00_predict_all_test_gpt-5-nano_5_shot_lab-manual-pc-test-78516,openrouter_classifier_test_metrics.yaml,test,openrouter_classifier,2026-09-24T15:04:13.070822,0.5,nan,0.3333333333333333,0.25,0.5
2026-09-24_15-04-13_predict_all_test_gpt-5-nano_5_shot_lab-manual-pc-test-944601,openrouter_classifier_test_metrics.yaml,test,openrouter_classifier,2026-09-24T15:05:14.535309,0.5,nan,0.3333333333333333,0.3333333333333333,0.3333333333333333
2026-09-24_15-05-14_predict_all_test_gpt-5-nano_5_shot_lab-manual-sp-split-test-5768,openrouter_classifier_test_metrics.yaml,test,openrouter_classifier,2026-09-24T15:06:22.319351,1.0,nan,1.0,1.0,1.0
2026-09-24_15-06-22_predict_all_test_gpt-5-nano_5_shot_lab-manual-sp-split-test-78516,openrouter_classifier_test_metrics.yaml,test,openrouter_classifier,2026-09-24T15:07:40.196840,1.0,nan,1.0,1.0,1.0
2026-09-24_15-07-40_predict_all_test_gpt-5-nano_5_shot_lab-manual-sp-split-test-944601,openrouter_classifier_test_metrics.yaml,test,openrouter_classifier,2026-09-24T15:08:55.232867,0.5,nan,0.3333333333333333,0.25,0.5
2026-09-24_15-08-55_predict_all_test_gpt-5-nano_5_shot_lab-manual-sp-test-5768,openrouter_classifier_test_metrics.yaml,test,openrouter_classifier,2026-09-24T15:09:56.847160,0.0,nan,0.0,0.0,0.0
2026-09-24_15-09-56_predict_all_test_gpt-5-nano_5_shot_lab-manual-sp-test-78516,openrouter_classifier_test_metrics.yaml,test,openrouter_classifier,2026-09-24T15:10:59.667712,1.0,nan,1.0,1.0,1.0
2026-09-24_15-10-59_predict_all_test_gpt-5-nano_5_shot_lab-manual-sp-test-944601,openrouter_classifier_test_metrics.yaml,test,openrouter_classifier,2026-09-24T15:12:02.833400,1.0,nan,1.0,1.0,1.0
2026-09-24_15-12-02_predict_all_test_gpt-5-nano_5_shot_lab-manual-split-combine-test-5768,openrouter_classifier_test_metrics.yaml,test,openrouter_classifier,2026-09-24T15:13:17.492312,0.0,nan,0.0,0.0,0.0
2026-09-24_15-13-17_predict_all_test_gpt-5-nano_5_shot_lab-manual-split-combine-test-78516,openrouter_classifier_test_metrics.yaml,test,openrouter_classifier,2026-09-24T15:14:34.880265,0.5,nan,0.3333333333333333,0.3333333333333333,0.3333333333333333
2026-09-24_15-14-34_predict_all_test_gpt-5-nano_5_shot_lab-manual-split-combine-test-944601,openrouter_classifier_test_metrics.yaml,test,openrouter_classifier,2026-09-24T15:15:47.159060,0.5,nan,0.3333333333333333,0.3333333333333333,0.3333333333333333
2026-09-24_15-15-06_predict_all_train_gpt-5-nano_zero_shot,openrouter_classifier_prediction_metrics.yaml,prediction,openrouter_classifier,2026-09-24T15:46:53.780981,0.6384248210023866,0.6683984554186541,0.5806591537355845,0.6976974992895709,0.5588378985235943
2026-09-24_15-15-06_predict_all_train_gpt-5-nano_zero_shot,openrouter_classifier_test_metrics.yaml,test,openrouter_classifier,2026-09-24T15:46:53.797624,0.6384248210023866,0.6683984554186541,0.5806591537355845,0.6976974992895709,0.5588378985235943
2026-09-24_23-06-20_predict_all_train_gpt-5-nano_zero_shot,openrouter_classifier_prediction_metrics.yaml,prediction,openrouter_classifier,2026-09-24T23:07:10.060021,0.6384248210023866,0.6683984554186541,0.5806591537355845,0.6976974992895709,0.5588378985235943
2026-09-24_23-06-20_predict_all_train_gpt-5-nano_zero_shot,openrouter_classifier_test_metrics.yaml,test,openrouter_classifier,2026-09-24T23:07:10.079466,0.6384248210023866,0.6683984554186541,0.5806591537355845,0.6976974992895709,0.5588378985235943
2026-09-24_23-07-10_predict_all_test_gpt-5-nano_5_shot_lab-manual-combine-test-5768,openrouter_classifier_test_metrics.yaml,test,openrouter_classifier,2026-09-24T23:11:36.829737,0.6617647058823529,0.698251906467689,0.6178518399623928,0.7129424879424878,0.5971168120114018
2026-09-24_23-11-36_predict_all_test_gpt-5-nano_5_shot_lab-manual-combine-test-78516,openrouter_classifier_test_metrics.yaml,test,openrouter_classifier,2026-09-24T23:15:57.149797,0.6617647058823529,0.7069599784141954,0.627225566321317,0.7000383141762452,0.612257498915933
2026-09-24_23-15-57_predict_all_test_gpt-5-nano_5_shot_lab-manual-combine-test-944601,openrouter_classifier_test_metrics.yaml,test,openrouter_classifier,2026-09-24T23:19:21.133003,0.5735294117647058,0.600704669532464,0.462784071513632,0.7043849804083723,0.46829312865497075
2026-09-24_23-19-21_predict_all_test_gpt-5-nano_5_shot_lab-manual-mm-split-test-5768,openrouter_classifier_test_metrics.yaml,test,openrouter_classifier,2026-09-24T23:21:27.002493,0.7092511013215859,0.7644412379804142,0.6988678051865908,0.7141253639201656,0.6887518823633627
2026-09-24_23-21-27_predict_all_test_gpt-5-nano_5_shot_lab-manual-mm-split-test-78516,openrouter_classifier_test_metrics.yaml,test,openrouter_classifier,2026-09-24T23:24:08.040067,0.7048458149779736,0.7690086968531634,0.7000570598609815,0.7100781053162005,0.6947792984682316
2026-09-24_23-24-08_predict_all_test_gpt-5-nano_5_shot_lab-manual-mm-split-test-944601,openrouter_classifier_test_metrics.yaml,test,openrouter_classifier,2026-09-24T23:26:34.464856,0.6916299559471366,0.7543280839303499,0.6896307133040741,0.7131149795121415,0.6767167919799499
2026-09-24_23-26-34_predict_all_test_gpt-5-nano_5_shot_lab-manual-mm-test-5768,openrouter_classifier_test_metrics.yaml,test,openrouter_classifier,2026-09-24T23:28:53.492765,0.7149532710280374,0.7853924853193718,0.7178835665959064,0.7208734386194436,0.7205739179729863
2026-09-24_23-28-53_predict_all_test_gpt-5-nano_5_shot_lab-manual-mm-test-78516,openrouter_classifier_test_metrics.yaml,test,openrouter_classifier,2026-09-24T23:31:01.693445,0.6682242990654206,0.7457096272721273,0.6766085221967574,0.7031739610623106,0.6648403679653679
2026-09-24_23-31-01_predict_all_test_gpt-5-nano_5_shot_lab-manual-mm-test-944601,openrouter_classifier_test_metrics.yaml,test,openrouter_classifier,2026-09-24T23:33:07.009051,0.6401869158878505,0.7261084046250947,0.6440318302387268,0.6576805178500095,0.6378886437769858
2026-09-24_23-33-07_predict_all_test_gpt-5-nano_5_shot_lab-manual-pc-split-test-5768,openrouter_classifier_test_metrics.yaml,test,openrouter_classifier,2026-09-24T23:34:51.587096,0.5692307692307692,0.644997631659217,0.49219564483209255,0.5851851851851851,0.5150462962962963
2026-09-24_23-34-51_predict_all_test_gpt-5-nano_5_shot_lab-manual-pc-split-test-78516,openrouter_classifier_test_metrics.yaml,test,openrouter_classifier,2026-09-24T23:36:03.112820,0.7692307692307693,0.7941843404028278,0.729683706695201,0.7518259518259517,0.7238095238095238
2026-09-24_23-36-03_predict_all_test_gpt-5-nano_5_shot_lab-manual-pc-split-test-944601,openrouter_classifier_test_metrics.yaml,test,openrouter_classifier,2026-09-24T23:37:14.684198,0.18461538461538463,0.40170940170940167,0.17720996257581623,0.1931216931216931,0.20512820512820515
2026-09-24_23-37-14_predict_all_test_gpt-5-nano_5_shot_lab-manual-pc-test-5768,openrouter_classifier_test_metrics.yaml,test,openrouter_classifier,2026-09-24T23:38:31.285461,0.6031746031746031,0.6764593301435408,0.575962441314554,0.7727272727272728,0.5698245614035088
2026-09-24_23-38-31_predict_all_test_gpt-5-nano_5_shot_lab-manual-pc-test-78516,openrouter_classifier_test_metrics.yaml,test,openrouter_classifier,2026-09-24T23:39:38.635965,0.6190476190476191,0.6913580246913581,0.5848485848485848,0.6466861598440546,0.5864197530864197
2026-09-24_23-39-38_predict_all_test_gpt-5-nano_5_shot_lab-manual-pc-test-944601,openrouter_classifier_test_metrics.yaml,test,openrouter_classifier,2026-09-24T23:40:38.968929,0.6666666666666666,0.7261850311850312,0.6365724241704284,0.6687830687830688,0.6303418803418803
2026-09-24_23-40-39_predict_all_test_gpt-5-nano_5_shot_lab-manual-sp-split-test-5768,openrouter_classifier_test_metrics.yaml,test,openrouter_classifier,2026-09-24T23:42:29.027416,0.6893203883495146,0.6554390565082499,0.5628772635814889,0.6740663007211279,0.5353938649393195
2026-09-24_23-42-29_predict_all_test_gpt-5-nano_5_shot_lab-manual-sp-split-test-78516,openrouter_classifier_test_metrics.yaml,test,openrouter_classifier,2026-09-24T23:44:27.931874,0.6796116504854369,0.6763947212544202,0.5848675884136877,0.6780753968253967,0.5625787077399981
2026-09-24_23-44-28_predict_all_test_gpt-5-nano_5_shot_lab-manual-sp-split-test-944601,openrouter_classifier_test_metrics.yaml,test,openrouter_classifier,2026-09-24T23:46:22.550475,0.6601941747572816,0.661135709639907,0.5707527245078989,0.704738467477321,0.5462285160204158
2026-09-24_23-46-22_predict_all_test_gpt-5-nano_5_shot_lab-manual-sp-test-5768,openrouter_classifier_test_metrics.yaml,test,openrouter_classifier,2026-09-24T23:48:23.531907,0.6432160804020101,0.6031874066854784,0.4893871084239099,0.643925518925519,0.472389679286231
2026-09-24_23-48-23_predict_all_test_gpt-5-nano_5_shot_lab-manual-sp-test-78516,openrouter_classifier_test_metrics.yaml,test,openrouter_classifier,2026-09-24T23:50:11.346187,0.678391959798995,0.6385859730033172,0.5466870022030165,0.6996120941601572,0.5177947177947178
2026-09-24_23-50-11_predict_all_test_gpt-5-nano_5_shot_lab-manual-sp-test-944601,openrouter_classifier_test_metrics.yaml,test,openrouter_classifier,2026-09-24T23:52:02.482447,0.6582914572864321,0.6245236726268103,0.5167332903503116,0.7838121295029641,0.4975108225108225
2026-09-24_23-52-02_predict_all_test_gpt-5-nano_5_shot_lab-manual-split-combine-test-5768,openrouter_classifier_test_metrics.yaml,test,openrouter_classifier,2026-09-24T23:55:38.072103,0.6532258064516129,0.6902663262301042,0.6097901968746666,0.680276809019324,0.5882940290107656
2026-09-24_23-55-38_predict_all_test_gpt-5-nano_5_shot_lab-manual-split-combine-test-78516,openrouter_classifier_test_metrics.yaml,test,openrouter_classifier,2026-09-25T00:00:28.104132,0.6048387096774194,0.6525787759872114,0.554408249786401,0.6735658722959786,0.5387409107645578
2026-09-25_00-00-28_predict_all_test_gpt-5-nano_5_shot_lab-manual-split-combine-test-944601,openrouter_classifier_test_metrics.yaml,test,openrouter_classifier,2026-09-25T00:04:16.663780,0.6955645161290323,0.7535614330759234,0.6799201043049609,0.6862784560152981,0.6747788274104064
2026-09-25_08-06-33_predict_all_train_gpt-5-nano_zero_shot,openrouter_classifier_prediction_metrics.yaml,prediction,openrouter_classifier,2026-09-25T08:06:33.165834,0.65,0.6804563492063491,0.585419411506368,0.6384615384615385,0.5722222222222223
2026-09-25_08-06-33_predict_all_train_gpt-5-nano_zero_shot,openrouter_classifier_test_metrics.yaml,test,openrouter_classifier,2026-09-25T08:06:33.168732,0.65,0.6804563492063491,0.585419411506368,0.6384615384615385,0.5722222222222223
