sentence,label,true,pred
"We’re not seeing evidence in labor markets of very substantial upward pressures on labor that could signify extreme shortages of labor that could propel inflation higher in a very rapid way, and inflation is still operating below our objective.",0,dovish,dovish
"In addition, the median estimate of the longer-run normal unemployment rate moved down a tenth to 4.6 percent.",1,hawkish,neutral
"But, really, it isn’t monetary policy.",2,neutral,neutral
"Finally, I would like to note that the Committee strives to explain its monetary policy decisions as clearly as possible, and we continue to explore ways of enhancing the clarity of our public communications.",2,neutral,neutral
"Now, we have—you know, we haven’t anticipated that slowdown in productivity, and that’s one of the main reasons why we haven’t anticipated the relatively slow growth.",0,dovish,neutral
And inflation is well above target.,1,hawkish,hawkish
"So the—the sooner we get the virus under control, the sooner people can regain that confidence and regain their economic activity.",2,neutral,neutral
"So for many, many years, we’ve been far from maximum employment and stable prices, and so the need for accommodative policy has been—has been clear.",0,dovish,dovish
"And, and some of the answer to that may be price.",2,neutral,neutral
But my colleagues and I continue to believe that the factors that are responsible this year for holding inflation down are likely to prove transitory.,2,neutral,dovish
"So, there has been impact through lower interest rates, but I think more broadly is the indirect effects.",0,dovish,neutral
"So I think, through all of those channels, monetary policy works.",2,neutral,neutral
"Well, we—as a Committee, we do not desire inflation undershoots.",0,dovish,hawkish
"If we think that the potential growth rate of the economy is somewhere between, somewhere around 1.75 percent, 2.8 percent is strong economic growth.",0,dovish,neutral
"And that is a statement about productivity growth, which has been pretty disappointing.",1,hawkish,neutral
"But I do think that—and I do think also that unemployment insurance benefits will run out in September, so to the extent that’s a factor, which is not clear, it will no longer be a factor fairly soon.",2,neutral,neutral
The Committee will continue to pay close attention to the evolution of inflation and inflation expectations.,2,neutral,neutral
"Again, that’s not a forecast, I’ve made a hypothesis, which would imply slower improvement in unemployment.",0,dovish,dovish
"The “extended period” language is conditioned on exactly those same points: “Extended period” is conditioned on resource slack, on subdued inflation, and on stable inflation expectations.",0,dovish,dovish
"Moreover, in light of the anticipated modest pace of economic recovery, the Committee expects that over coming quarters the unemployment rate will decline only gradually toward its mandate-consistent levels.",0,dovish,dovish
"And if we do that, inflation expectations will be right at 2 percent, and that’ll help us achieve 2 percent inflation over time and avoid the situation where the central bank loses its ability to support the economy.",2,neutral,neutral
That means that we can run at low levels of unemployment and have a historically good—in some dimensions—labor market without having to worry about inflation.,2,neutral,dovish
"For example, we have used some of our work to look at interest rate risk and interest rate sensitivity and, you know, found generally that banks can also sustain a significant increase in long-term interest rates as well for a number of reasons, one of them being that higher interest rates increase their franchise value because it increases their net interest margin over time.",2,neutral,neutral
"And in so far as that will affect monetary policy, of course we will have to factor those policies along with many other things, including the global environment and oil prices and other matters.",2,neutral,neutral
"The U.S. economy is in a good place, and we will continue to use our monetary policy tools to help keep it there.",1,hawkish,dovish
"And, as I went into detail in Jackson Hole and won’t repeat all of that there, there are other ways in which we see underutilization—high levels that have come down only very marginally of part-time employment for economic—or involuntary part-time employment, perhaps some remaining shortfall of labor force participation as a result of cyclical factors.",2,neutral,neutral
The outbreak has also disrupted economic activity in many countries and has prompted significant movements in financial markets.,2,neutral,neutral
"But again, our basic forecast is one which is basically, as was pointed out earlier by Mr. Hilsenrath, a moderately optimistic forecast, where growth picks up as we pass through this period of fiscal restraint",2,neutral,neutral
And productivity’s been very low.,1,hawkish,neutral
It was the year of synchronized global growth.,2,neutral,neutral
"I guess I would also urge you to remember that when you look at the projections, that there are many factors that affect those projections, and changes in tax policy—that’s only one of a number of factors, including incoming data that has, to some extent, altered the outlook for growth and inflation.",2,neutral,neutral
"Monetary policy has a role, and it really is in, you know—our original role was providing liquidity to financial systems when they’re under stress, and that’s—that’s really part of what we did today.",0,dovish,neutral
"On the other hand, by that metric, the, the September 16, 2020 unemployment rate would have been in the—in the 20s in, in April.",2,neutral,neutral
"We are hopeful that Europe will take additional measures and do all that’s necessary to stabilize the situation and to provide the basis for an ongoing stable structure that—in which banks and sovereigns are both stabilized, in which there’s a program for growth, and in which fiscal arrangements are clear—are made much clearer.",2,neutral,neutral
I did indicate that I do have concerns about the scope for monetary policy.,2,neutral,neutral
"In terms of the, you know, inflation, a couple things—your second question.",2,neutral,neutral
"I mean certain parts of South Carolina have developed pretty strongly but the part where I come from—mostly agricultural, it has a little bit of manufacturing—has a very high unemployment rate, a high foreclosure rate, and people are having a hard time there.",0,dovish,neutral
"Inflation is also being held down, reflecting weaker demand as well as significantly lower energy prices.",0,dovish,neutral
"Well, that’s—what’s happening there is the fact that the relationship between resource utilization, or unemployment, and inflation has just gotten weaker and weaker over the years.",0,dovish,neutral
"Of course, we’re ready to provide information that Congress needs to evaluate the Fed’s decisionmaking, in monetary policy and elsewhere.",2,neutral,neutral
"What we really mean is that we would look at—we know that inflation will move around on both sides of the target, and what we say is that we would be equally concerned with inflation persistently above as persistently below the target.",2,neutral,neutral
Our tools work on demand.,2,neutral,neutral
"It was to do with, you know, strong monetary policy and fiscal stimulus into an economy that was recovering rapidly, and in which there were these supply-side barriers which effectively led to, you know, in certain parts of the economy, what you might call a vertical supply curve.",1,hawkish,hawkish
So that means a more prolonged shortfall of inflation.,2,neutral,dovish
"But, first, on inflation expectations, it is true that the breakevens from the inflation-adjusted—inflation-indexed bonds have come down.",0,dovish,neutral
"So and, and, you know, the shorter-term ones do tend to move around based on, for example, gasoline prices.",2,neutral,neutral
"But it could be that if interest rates rise quickly, for example, that we would be in a situation of not giving remittances to the Treasury for a couple of years, and that would create problems, no doubt, for the Fed in terms of congressional response.",2,neutral,neutral
"The central tendency rises to 2.4 to 2.7 percent next year, somewhat above estimates of the longer-run growth rate.",1,hawkish,hawkish
"The problem with the current situation is that, that if you have a sustained period of supply shocks, those can actually start to undermine or to work—to work on de-anchoring inflation expectations.",1,hawkish,hawkish
"As always, each participant’s projections are conditioned on his or her own view of appropriate monetary policy.",2,neutral,neutral
"There should be able to be an adjustment that would have lower than—perhaps lower-than-expected increases in unemployment—lower than would be expected in the ordinary course of events because the level—the ratio of, of vacancies to unemployed is just out of keeping with historical experience.",2,neutral,neutral
"And—and we do that with measures that—that, you know, keep people in their homes; that—that support hiring; that support growth; that avoid unnecessary, avoidable business insolvencies.",2,neutral,dovish
"And the maximum level of employment that’s consistent with price stability evolves over time within a—within a business cycle and over a longer period, in part reflecting [the] evolution of the factors that affect labor supply, including those related to the pandemic.",2,neutral,neutral
"Now, members of the Committee have different views about why this is likely to be true, that the funds rate—when the labor market is normalized and inflation is back to our objective—they maybe have slightly different views on exactly why it’s likely to be the case that interest rates will be a little lower than they would in the longer run.",0,dovish,dovish
We're looking at wages and we're looking at ultimately inflation.,2,neutral,neutral
"The Federal Reserve’s response is guided by our mandate to promote maximum employment and stable prices for the American people, along with our responsibilities to promote the stability of the financial system.",1,hawkish,neutral
"The Federal Reserve’s enhanced guidance about its policy intentions and its substantial and still-increasing holdings of longer-term securities will ensure that monetary policy remains highly accommodative, consistent with the pursuit of its mandated objectives of maximum employment and price stability.",0,dovish,dovish
But it’s not easy to get a clear read on the implications of asset prices for the overall outlook.,2,neutral,neutral
"I think we all agree that the economy is making progress, that we are close to an unemployment rate that is one that’s sustainable in the longer run.",1,hawkish,neutral
"As far as—as the policy rate, what we’ve said is that we will maintain the rate at this level until we’re confident that the economy has weathered recent events and is on track to achieve our maximum employment and price stability goals.",2,neutral,dovish
"Again, while I do not shirk the responsibility of the Fed having to do what it can to meet its mandate, obviously, a broad range of policies can affect growth and employment, and I hope that there will be a range of actions that will complement and supplement the Federal Reserve’s efforts.",2,neutral,dovish
"Our role, though, is also to, you know, to make sure that—that maximum employment happens in a context of price stability and financial stability, which is why we’re gradually raising rates.",1,hawkish,hawkish
"I mean, we—the—again, the relationship between slack in the economy and inflation is weak, has been weak.",2,neutral,neutral
"It was a question of not getting inflation up to our target on a robust, symmetric kind of a way.",0,dovish,dovish
The Federal Reserve is fully committed to both sides of its mandate—to price stability as well as to maximum employment—and it has both the tools and the will to act at the appropriate time to avoid any emerging threat to price stability.,1,hawkish,neutral
The economy is continuing to make progress toward the FOMC’s objective of maximum sustainable employment.,1,hawkish,neutral
"To the extent the global economy is weak and the United States is strong, it’ll—we’ll wind up, you know, we’ll wind up exporting some of our demand through, through imports rather than having, having a lot of exports.",1,hawkish,neutral
"Well, you know, if the economy were disappointing, we—you know, our actions wouldn’t purely be based on inflation, we would also take employment into account.",0,dovish,dovish
"That’s not going to happen without, without restoring price stability.",1,hawkish,hawkish
"Wage growth is not—there are many factors that affect it—it’s not definitive in any sense in determining our policy,",2,neutral,neutral
And one reason for that is that long-term interest rates generally embody two factors.,2,neutral,neutral
"However, at 7.7 percent, the unemployment rate remains elevated.",0,dovish,dovish
"That said, many of my colleagues and I would see a portion of the decline in the unemployment rate as perhaps not representing a diminution of slack in the labor market.",1,hawkish,neutral
"In light of increased uncertainties and muted inflation pressures, we now emphasize that the Committee will closely monitor the implications of incoming information for the economic outlook and will act as appropriate to sustain the expansion with a strong labor market and inflation near its 2 percent objective.",0,dovish,dovish
"But to the extent that continues to be the case, that should make it easier to restore price stability.",1,hawkish,hawkish
"I think the—you know, in a way, the least tight aspect of it is, is looking at the unemployment rate, which is still below our median estimate of, of [the unemployment rate consistent with] maximum employment.",0,dovish,hawkish
"That transition itself could help bring inflation down, because, presumably, people would spend a little less on goods while they start spending more on travel and all sorts of travel services and things like that.",2,neutral,neutral
"You know, we’re, we’re—inflation measures are always going to be a bit volatile.",2,neutral,neutral
"And I really don’t have much for you other than to say that they will be data dependent—that, over time, the stance of policy will be adjusted to try to keep the economy on a track where we see continuing progress toward achieving our goals of maximum employment and price stability.",1,hawkish,neutral
"if you ask me, is this a significant factor shaping monetary policy now, well, it’s on the list of risks, it’s not a major—it’s not a major factor.",2,neutral,neutral
"You know, what you hear out there is that demand—you talk to banks, and they’ll say demand for loans is very, very low right now.",0,dovish,neutral
"As always, our actions are guided by our congressional mandate to promote maximum employment and price stability.",1,hawkish,neutral
These base effects will contribute about 1 percentage point to headline inflation and about 0.7 percentage point to core inflation in April and May.,2,neutral,neutral
So it’s a double whammy coming from higher gasoline prices.,1,hawkish,hawkish
"In addition, the May 1, 2019 trimmed mean measures of inflation did not go down as much.",1,hawkish,neutral
"The jobs picture continues to be strong, with the unemployment rate near historic lows and with stronger wage gains.",1,hawkish,neutral
And we’d like to see that in the form of a series of declining monthly inflation readings—that’s what we’re looking for.,1,hawkish,hawkish
"The second point that I made was that when short-term interest rates hit zero, the tools of a central bank are no longer—are not exhausted, there are still other things that the central bank can do to create additional accommodation.",0,dovish,dovish
"And it is not—it’s not exactly the same as watching global growth, where you see growth weakening, you see central banks and governments responding with fiscal policy, and you see growth strengthening, and you see a business cycle.",0,dovish,neutral
"What monetary policy affects, primarily, is the state of the business cycle, the amount of excess unemployment or the extent of recession in the economy.",2,neutral,neutral
"We, frankly, didn’t even get inflation back up to target—without seeing wages getting out of touch with—with where they should be, so that’s the—that’s the biggest thing we can do.",0,dovish,dovish
"Well, if the economy worsens and inflation remains relatively low, then we wouldn’t begin to exit, and, therefore, we wouldn’t change the language.",0,dovish,neutral
"When we reach maximum employment, when we reach a state where labor market conditions are at maximum employment in the Committee’s judgment, it’s very possible that the inflation test will already be met.",0,dovish,hawkish
"We are quite aware that very low interest rates, particularly for a protracted period, do have costs for a lot of people.",1,hawkish,hawkish
"So we want to see that healthy process unfold as we decide what the true state of the economy is, and we think it will evolve in a way that will mean lower inflation.",0,dovish,neutral
"Returning to monetary policy, we recognize that there has been a great deal of focus on today’s policy decision.",2,neutral,neutral
"But you do see growth in services, so you—this pattern around the world of Chair Powell’s Press Conference FINAL weak manufacturing",2,neutral,neutral
"This was before inflation really was under control, but, you know, it’s very interesting to look at the history.",2,neutral,neutral
"And the way I would explain it is, is that inflation that’s too low will mean that interest rates are lower.",0,dovish,dovish
"I’m just saying, that, that is what fiscal policy can do that, really, monetary policy can’t do—is, is invest in the future productive capacity of the economy, raise potential growth.",2,neutral,neutral
"As I mentioned, once you—once you’re, broadly speaking, in the range of neutral, I think it’s appropriate to be putting aside individual estimates of that and be looking at what the incoming data are telling you about the outlook, updating your estimates of what neutral might be, of what the natural rate of unemployment might be, of the state of the economy, so—and letting that lead you to adjust your outlook and, therefore, your appropriate path for policy.",2,neutral,neutral
I’m old enough to remember what very high inflation was like.,2,neutral,neutral
"One of the things we’ve learned from our financial crisis and from a series of financial crises in history and around the globe is that, very commonly, when the economy takes a hit and falls into a recession, that productivity doesn’t pick up to pre-recession levels and that there looks like there is a permanent hit to the path of potential output for the economy, which is called “hysteresis.” And I raised the question as to whether or not this might operate in the opposite direction as well.",2,neutral,neutral
"The housing sector has fully recovered from the downturn, supported in part by low mortgage interest rates.",0,dovish,dovish
"You can get to 20, if you wanted to, easily, but labor force participation, the unemployment rate, different age groups of—you know, prime-age labor force participation, in particular, gets a lot of focus, the JOLTS data get a lot of focus.",2,neutral,neutral
We have not seen wage growth pick up.,2,neutral,dovish
So we do say that risks to the financial system—we say in our longer-run statement of goals and monetary policy strategy that risks to the financial system that could prevent us from achieving our goals are something that we do take into consideration.,2,neutral,neutral
An unexpectedly sharp increase in wages or inflation could tell you that you’re reaching those points.,1,hawkish,neutral
And I assure you that my colleagues and I will continue to conduct monetary policy without regard to political considerations.,2,neutral,neutral
"You’ll never get inflation to 2 percent.” Some of our critics now who say inflation’s too tight—too high were the same ones who were saying, “You’ll never get to 2 percent.” Well, but anyway, that’s what happened.",2,neutral,neutral
"And so what that means is the Federal Reserve cannot add monetary accommodation by cutting short-term interest rates, the usual approach.",2,neutral,neutral
We also don’t conduct monetary policy in order to prove our independence.,2,neutral,neutral
"And, and that’s why we have adopted the flexible average inflation-targeting framework.",0,dovish,dovish
"The changes—the financial market changes that you described, particularly the increase in stock prices, the increase in longer-term rates, and the strengthening of the dollar, suggest that many market participants anticipate expansionary fiscal policies that would raise interest rates somewhat in the United States relative to abroad and would cause a strengthening in the dollar.",0,dovish,hawkish
"So on the first, the Committee’s forecasts and those of most outside forecasters do show growth running below its longer-run potential this year and next year.",0,dovish,neutral
"In fact, it’s already—it’s already understood, I think, that—that there’s more—even though we’re at 3½ percent unemployment, there’s actually more slack out there, in a sense.",0,dovish,dovish
"Growth in household spending moderated toward the end of last year,",2,neutral,neutral
"So, with this coronavirus arriving, we judged that the—the net effects of this will be to—to have inflation move down even a little bit more.",0,dovish,neutral
"Now, we’ve long expected, as most analysts have, to see some slowing in Chinese growth over time as they rebalance their economy.",0,dovish,neutral
"These are, you know, this is—this is the economy at nearly full employment or in the range—in the neighborhood of full employment.",1,hawkish,neutral
"After precipitous drops in March and April, employment rose strongly in May and June as many people returned to work from temporary layoffs.",1,hawkish,neutral
We think that the economy will need highly accommodative monetary policy and the use of our tools for an extended period.,0,dovish,dovish
And what we—it looks like we’re seeing a slowdown in the rate of growth.,0,dovish,neutral
The American economy is very strong and well positioned to handle tighter monetary policy.,1,hawkish,hawkish
"So there’s been a number of emerging markets—as you know, we’re suffering under the weight of declines in oil prices that are affecting their economic activity.",2,neutral,neutral
So let me start with the question pertaining to exchange rates.,2,neutral,neutral
But there’s also a role for monetary policy.,2,neutral,neutral
"We also said we wouldn’t raise rates just in response to very low unemployment, in the absence of inflation.",0,dovish,dovish
"And, at a high level, yes, I would say, and I’ve said before, that it’s really fiscal policy that is more powerful and that has much more to do with—fiscal policy can do those things that will increase the longer-run growth rate of the United States by improving productivity and labor force September 18, 2019 participation and the skills and aptitudes of workers.",2,neutral,neutral
1 Chair Yellen intended to say that “interest rate differentials globally do tend to induce capital flows that have impacts on exchange rates.” GREG ROBB.,2,neutral,neutral
I would describe some measures of wage growth as having moved up some.,2,neutral,neutral
So unemployment has tended to go up much faster for minorities and for others who are—tend to be at the low end of the income spectrum.,0,dovish,neutral
And we were actually quite concerned that growth was not sufficient to continue to bring the unemployment rate down.,0,dovish,dovish
"with a healthy job market, rising incomes, and upbeat consumer confidence, the fundamentals supporting household spending are solid.",2,neutral,neutral
"And I think, more broadly, monetary policy is also supporting household spending and home buying by keeping the labor market strong, keeping workers’ incomes rising, and keeping consumer confidence at high levels, where it currently is.",0,dovish,dovish
"We have a much more resilient, stronger banking system, and we’re not seeing some worrisome buildup in leverage or credit growth at successive levels.1 So, you know, this is something that the FOMC pays attention to,",2,neutral,neutral
"So, you know, I can’t—all I can tell you is, we’ll be looking at weak global growth.",0,dovish,neutral
The central tendency of the unemployment rate projections is slightly lower than in the March projections and now stands at 6.0 to 6.1 percent at the end of this year.,0,dovish,neutral
"And we’ve seen significant outflows of capital from those countries, pressures on their exchange rates, and concerns about their performance going forward.",2,neutral,neutral
"In the near term, 12-month measures of PCE inflation are expected to move above 2 percent as the very low readings from early in the pandemic fall out of the calculation and past increases in oil prices pass through to consumer energy prices.",1,hawkish,neutral
"The persistence of that into, into inflation over time is just not there.",0,dovish,dovish
"So, you know, as I mentioned, the Committee acutely feels its obligation to move to make sure that we restore price stability and is determined to use its tools to do so.",1,hawkish,hawkish
"Core inflation, which excludes energy and food prices, has been running close to 1½ percent.",0,dovish,neutral
"So the FOMC will always, in some sense, trump the projections of forward interest rates, but clearly, because the participants and the people around the table are the same, the projections should give significant information about where the FOMC is likely to go.",2,neutral,neutral
And I’ll discuss the thinking behind today’s interest rate reduction and then turn to the path forward.,0,dovish,dovish
"Business and household spending are increasing at rates consistent with moderate economic growth, though household spending appears to be rising at a somewhat slower pace than earlier this year.",1,hawkish,neutral
"So you’re right, you’re seeing—I, I can’t remember the number, but it might be in the 3s—3, 3½ percent growth for next year.",2,neutral,neutral
"Well, our policy approach doesn’t involve intentionally trying to raise inflation.",1,hawkish,neutral
It would consist of inflation plus—plus productivity growth.,2,neutral,neutral
"But I think that that’s a prudent move, to move in a gradual way to remove Chair Yellen’s Press Conference FINAL accommodation, with unemployment now—and not only, I should say, the unemployment rate, but I think any indicator of labor market performance and tightness that you could look at, whether it’s household perceptions of the availability of jobs, difficulty that firms report in hiring workers, the rate at which workers are quitting their jobs, the rate of job openings, all of these indicators do signal a tight labor market.",1,hawkish,hawkish
"But in many countries around the Chair Yellen’s Press Conference FINAL world that are important commodity exporters, the decline we’ve seen in oil prices has had a depressing effect on their growth, their trade with us and other trade partners, and caused problems that have had spillovers to the global economy as well.",0,dovish,neutral
I don’t know that demand for reserves has risen over the past years.,2,neutral,neutral
"As you said, falling oil prices pull down inflation.",0,dovish,neutral
"What I’m telling you is that the stance of monetary policy we have today, we believe, is appropriate.",2,neutral,neutral
So negative interest rates is something that we looked at during the financial crisis and chose not to do.,2,neutral,neutral
"We have not focused on whether we meet the liftoff test, because we don’t meet the liftoff test now because we’re not at maximum employment.",0,dovish,dovish
"More broadly, however, weaker demand, especially in sectors that have been most affected by the pandemic, has held down consumer prices, and overall, inflation is running well below our 2 percent longer-run objective.",0,dovish,dovish
"And I can only say qualitatively that the Committee will continue to look at the evolution of the outlook, try to assess whether unemployment is making sufficient progress towards our objectives, and, in particular, whether the recovery is still continuing.",0,dovish,neutral
"The Phillips curve has become, according to most estimates, quite flat in the sense that movements in unemployment have only a modest impact on inflation, so we shouldn’t overblow how large that is.",2,neutral,neutral
"So, I think you raise a very important point because, although there is a great deal of market focus on the timing of liftoff, what to matter in thinking about the stance of policy is what the entire path of interest rates will look like.",2,neutral,neutral
"And, as I think all of us—having that expectation and that if the economy continued to progress along the lines that we expected and we continued to see the risks as balanced—do regard it as appropriate to gradually remove accommodation that’s in place by having several interest rate increases this year.",1,hawkish,hawkish
"And maybe reducing their level of the natural rate of unemployment, which has been the trend.",1,hawkish,neutral
"Monetary policy, maximum employment, stable prices—it’s less obvious to me.",2,neutral,neutral
"You know, it says that we will seek to—seek inflation that runs moderately above 2 percent for some time.",0,dovish,dovish
"These measures, along with our strong guidance on interest rates and on our balance sheet, will ensure that monetary policy will continue to support the economy until the recovery is complete.",0,dovish,dovish
"For example, the unemployment rate has risen by 0.3 percentage points since March, and new claims for unemployment insurance have moved somewhat higher.",0,dovish,neutral
"And those don’t—those, frankly, don’t carry significant implications in the long run for the—for inflation or for the American economy.",2,neutral,neutral
"In spite of having such slow growth, disappointing productivity growth, we have a labor market that last year generated an average of about 230,000 jobs a month and so far this year has been generating about 180,000 jobs a month.",1,hawkish,neutral
"If you look at core PCE inflation, which is a good measure of where inflation is running now, if you look at it on a 3-, 6-, and 12-month trailing annualized basis, you’ll see that inflation is at 4.8 percent, 4.5 percent, and 4.8 percent.",1,hawkish,neutral
"It is not a Taylor rule but it has the same feature that it relates policy to observables in the economy, such as unemployment and inflation.",2,neutral,neutral
It isn’t the kind of inflation that’s spread broadly across the economy.,1,hawkish,neutral
"If inflation remains higher during the course of 2022, then we may already have met that test by the time we reach liftoff.",2,neutral,hawkish
"When, when you get to—in, in the forecast, all of that, you know, supply and demand sides of the economy adapt.",2,neutral,neutral
"And you know, we haven’t yet—we just touched 2 percent core inflation, to pick one measure—just touched it for a few months, and then we’ve fallen back.",0,dovish,neutral
"To do that you've got to have price stability, and we've got to get back to price stability so that we can have a labor market where people's wages aren't being eaten up by inflation and where we can have a long expansion too.",1,hawkish,hawkish
And that’s because of this misalignment between supply and demand.,2,neutral,neutral
"And our plan as we do that is, as those purchases get to that level, we believe we can gradually reduce them, and we believe we can also gradually reduce repo as—as we reach an ample level, as we’re satisfying demand now more from underlying reserves from bill purchases rather than from repo.",0,dovish,hawkish
"I would note, by the way, that at the current moment, it doesn’t really matter whether we have one mandate or two, because we’re below our inflation target and we—unemployment is above where we’d like it to be.",0,dovish,dovish
"In coming months, as those earlier declines drop out of the calculation, inflation should move up closer to 2 percent and stabilize around that level over the medium term.",2,neutral,neutral
"So that’s the kind of thinking we’ll be doing, and, again, we’re looking—ultimately, we’re not going to declare victory until we see a series of these, really see convincing evidence, compelling evidence, that inflation is coming down.",1,hawkish,hawkish
"Many members of the Committee, participants, have said that they think policy should be based on the actual evolution of economic activity and inflation, which tends to be variable over time, and that’s why I say I anticipate it will be data dependent.",2,neutral,neutral
"growth in the far larger part of the services economy, which has led to low unemployment, good job creation, rising wages, that’s kind of the two big pieces of it that you see.",1,hawkish,neutral
"We heard anecdotes today in the meeting about firms that might be government contractors that were, you know, not sure about whether the contracts would still be in place come January and making employment decisions based on that.",2,neutral,neutral
Our current framework for implementing monetary policy is working very well.,2,neutral,neutral
If you lay the crosscurrents on top of that—concerns about global growth and trade developments—you have the full picture.,2,neutral,neutral
"We’re charged by Congress with trying to pursue maximum employment, and we have taken that very seriously.",0,dovish,dovish
"The asset purchases are about creating some near-term momentum in the economy, trying to strengthen growth and job creation in the near term, and the increases in the federal funds rate target, when they ultimately occur, are about reducing accommodation.",1,hawkish,hawkish
"Our mandate, sorry, is price inflation.",1,hawkish,neutral
"As a further step in enhancing the clarity of our communications, the Committee recently decided to begin publishing information about participants’ assessments of appropriate monetary policy—that is, the path of policy that each participant judges as most likely to foster mandate-consistent outcomes for employment and inflation if the economy evolves as expected.",2,neutral,neutral
"As the factors restraining economic growth are projected to fade further over time, the median rate rises to 3 percent by the end of 2018, close to its longer-run normal level.",1,hawkish,hawkish
"If you look at the number of job openings compared to the number of unemployed, it’s—we’re, we’re clearly on a path to a very strong labor market with high participation, low unemployment, high employment, wages moving up across the spectrum.",1,hawkish,neutral
And I fully expect it will return to solid growth and a solid labor market as well.,2,neutral,dovish
"The Committee, based on its assessment at each meeting, has felt comfortable saying that, based on its assessment of those factors, it considers that it will be likely appropriate to maintain the current target range for a considerable time after the asset purchase program ends, especially if inflation remains below the 2 percent objective.",2,neutral,dovish
"Inflation has continued to run below our longer-run objective, in part reflecting lower energy prices.",0,dovish,neutral
"So you’re going to have different perspectives from Committee participants about how fast growth will be, how fast the labor market will heal, or how fast—sorry, inflation will move up.",1,hawkish,neutral
We also do see the different measures of slack in the labor market point to different assessments of just what maximum employment is.,2,neutral,neutral
"So you’re talking about the inflation target, basically.",2,neutral,neutral
"What they have had is low unemployment, lots of social problems.",2,neutral,neutral
"And then we’ll look to have that just running in the background and have—and have the interest rates, again, be the active tool of monetary policy.",2,neutral,neutral
"But now, let’s go to your—the part of your question about inflation.",2,neutral,neutral
"And we’ve talked about the effects on asset prices,",2,neutral,neutral
"We understand that inflation dynamics evolve constantly over time, but they don’t change rapidly.",2,neutral,neutral
"And as I mentioned earlier, the unemployment decline last month was more than 100 percent accounted for by declines in participation.",0,dovish,neutral
Wage inflation has been running at 2 percent.,2,neutral,neutral
"But, certainly, we’ve had a lot of years in which interest rates have been low.",2,neutral,dovish
We continue to discuss whether or not the unemployment rate itself is an adequate measure of how much underutilization of labor resources there really is.,2,neutral,neutral
"Smoothing through these variations, average monthly job growth appears to have stepped down from last year’s strong pace, but job gains remain well above the pace necessary to provide jobs for new labor force entrants.",2,neutral,neutral
"In real terms, with a 2 percent inflation objective—that’s 1 percent in real terms.",0,dovish,neutral
it does have a bearing on the inflation outlook.,2,neutral,neutral
"We had a 10 percent unemployment rate, and our congressional mandate is maximum employment and price stability.",0,dovish,neutral
"So, as you know, the ultimate focus that we have is on the real economy: maximum employment and price stability.",2,neutral,neutral
"It is true that changes in longer-term interest rates in the United States—but also in other advanced economies—does have some effect on emerging markets, particularly those who are trying to peg their exchange rate, and can lead to some capital inflows or outflows.",2,neutral,neutral
"With unemployment still elevated and inflation below the Committee’s longer-run objective, the Committee is continuing its highly accommodative policies.",0,dovish,dovish
"So those who can get credit, together with the low prices of houses, are at—able to buy much more house than they could have a few years ago.",0,dovish,neutral
"And we’re learning to, to engage in economic activity.",2,neutral,neutral
"And inflation is moving—moving up, I think, toward our 2 percent objective.",0,dovish,neutral
"For example, one—in the long-run, the size of the balance sheet is going to depend on the public’s demand for our liabilities, including currency and reserves.",2,neutral,neutral
"You know, monetary policy is a forward-looking exercise, and I’m going to—I’m just going to stick with that.",2,neutral,neutral
"The unemployment rate declined in May and , 2020 June but, at 11.1 percent, remains far above its level before the outbreak and greater than the Chair Powell’s Press Conference FINAL peak during the Global Financial Crisis.",0,dovish,neutral
"Everyone, particularly people on fixed incomes, and at the lower part of the income distribution are better off with stable prices.",2,neutral,neutral
"Well, you’re certainly right that we have been over-optimistic about out-year growth.",1,hawkish,neutral
"We have Chair Yellen’s Press Conference FINAL households who are becoming more comfortable with their debt levels and more able to service that debt, an improving job market.",1,hawkish,neutral
"It isn’t really just targeting the headline numbers, but it’s about taking all of those things into account in your thinking about what constitutes maximum employment.",2,neutral,neutral
"PCE core is at about 2, and I think we see that, you know, the temporary increase in headline inflation as being a function of oil prices probably, and we expect inflation to go back down to 2 percent.",1,hawkish,neutral
"So, as I mentioned, we’re going to be looking at all of those things: activity, labor market, inflation.",2,neutral,neutral
It’s where we always want inflation to be heading.,2,neutral,neutral
"But that has not—what, what happens is that when wages move up because unemployment is low, companies have been absorbing that increase into their margins rather than raising prices.",2,neutral,neutral
"And, in particular, I do personally believe that the slowdown is at least partly temporary, and that we’ll see greater growth going forward.",0,dovish,neutral
"I’m more concerned about that than about the possibility, which exists, of higher inflation.",2,neutral,hawkish
"But you didn’t under the merely adverse scenario, which featured an inflation shock followed by a quick rise in short-term rates.",1,hawkish,hawkish
There was a lot of pent-up demand.,2,neutral,neutral
"The entire Committee is committed to achieving our 2 percent inflation objective over the December 16, 2015 medium term, just as we want to make sure that inflation doesn’t persist at levels above our Chair Yellen’s Press Conference FINAL 2 percent objective.",0,dovish,hawkish
That’s probably related to gas prices and also just stock prices to some extent for other people.,2,neutral,neutral
And part of that just is the effect of lower interest rates.,0,dovish,dovish
"And so when asset prices went back up, probably there’ll be a swing around there, a positive contribution.",2,neutral,neutral
"We have a three-part baseline projection, which involves increasing growth that’s picking up over time as fiscal drag is reduced, continuing gains in the labor market, and inflation moving back towards objective.",2,neutral,neutral
"So we view maximum employment as the maximum sustainable level of employment, meaning it’s not so much that it will cause the economy to overheat.",2,neutral,dovish
So I don’t have a sense—the Committee doesn’t try to gauge what is the right level of equity prices.,2,neutral,neutral
"I don’t really think asset prices themselves represent a significant threat to financial stability, and that’s because households are in good shape financially than they have been.",0,dovish,neutral
So the Committee estimates that the longer-run normal level of the unemployment rate is 5.0 to 5.2.,2,neutral,neutral
"But, I would say, overall, we’re trying to sustain the expansion and keep, you know, close to our statutory goals, which are maximum employment and stable prices.",1,hawkish,neutral
"But again, in terms of terminology, I guess I would reject that term for the Federal Reserve because we are going to be evenhanded in treating the price stability and maximum employment parts of our mandate on a level footing.",2,neutral,neutral
And downward revisions to the longer-run normal unemployment rate in a way suggests that participants are seeing more slack in the economy now than they previously did.,2,neutral,dovish
"By contrast, raising rates too slowly would raise the risk that monetary policy would need to tighten abruptly down the road, which could jeopardize the economic expansion.",1,hawkish,hawkish
"And obviously there are benefits from a strong economy to every household in the economy, including savers, from having a better job market and a more secure economy.",2,neutral,neutral
And—but inflation expectations did not move strongly down here in the United States.,1,hawkish,neutral
"As I mentioned, monetary policy operates with lags, so, the policies we have in place, we think, will gradually—only gradually—move inflation back to 2 percent.",1,hawkish,neutral
"Now, with inflation below 2 percent, I think it’s appropriate that the labor market be that tight.",0,dovish,dovish
"Earlier in the year, as you will all recall, after careful study over a period of years, actually, the Committee announced the decision to implement monetary policy in an ample-reserves regime.",0,dovish,neutral
The unemployment rate was 3.5 percent in February and has been at or near half-century lows for almost two years.,2,neutral,neutral
"Also, the Committee will pay close attention to measures of inflation expectations to ensure that those expectations remain well anchored.",1,hawkish,neutral
"These headwinds—which include developments abroad, subdued household formation, and meager productivity growth—could persist for some time.",0,dovish,neutral
"we have continued to analyze the effects of changes in interest rates, for example, on decisions like investment or car purchases.",2,neutral,neutral
"And as I mentioned, I think at the last press conference, estimates by the—by members of the Committee have moved down by a full percentage point since maybe 2012 as we’ve learned—as unemployment has dropped and inflation hasn’t really reacted.",2,neutral,dovish
"Against this backdrop, today the Federal Open Market Committee raised its policy interest rate by ¾ percentage point and anticipates that ongoing increases in that rate will be appropriate.",1,hawkish,hawkish
"And what it is is, it’s an expression of the thinking about individual Committee members about appropriate monetary policy and the path of the economy.",2,neutral,neutral
"The recent lower readings on inflation have been driven significantly by what appear to be one-off reductions in certain categories of prices, such as wireless telephone services and prescription drugs.",0,dovish,neutral
